class,tweet
0,Finally passing the exam! So happy
0,Finally passing the exam! So proud
0,Thanks to everyone who making my day
0,Finally reaching my goal! So joyful
0,Finally finishing this project! So joyful
0,Feeling satisfied about the weekend
0,Just discovered this moment and it's outstanding
0,Hope everyone has a excellent week
0,Big thanks to @username for the life
0,Just discovered coffee and it's brilliant
0,Great cooking with @username today
0,Thank you so much for sharing this!
0,Feeling satisfied about this moment
0,Great at the park with my friends today
0,What a lovely day!
0,Big thanks to everyone for the these memories
0,Just had the most delightful night out!
0,This my friends is absolutely pleasant
0,Great exploring with my family today
0,Feeling joyful about the support
0,"the show is so fantastic, highly recommend"
0,Big thanks to everyone for the this experience
0,Just had the most outstanding time!
0,Big thanks to my friends for the my friends
0,Can't wait for the celebration
0,This this opportunity is absolutely lovely
0,Proud of my colleagues for passing the exam
0,Have a great weekend! üòä
0,This my friends is absolutely delightful
0,Love spending time with my family
0,Just finished the documentary and it was awesome
0,Really appreciate @username for sharing this
0,Wishing you all a incredible morning
0,So happy right now üòä
0,This this moment is absolutely spectacular
0,What a brilliant season!
0,Proud of my friends for passing the exam
0,Feeling grateful about good health
0,Just had the most enjoyable moment!
0,Wishing you all a fantastic season
0,Thanks to everyone who your help
0,Stay positive üòä
0,Wishing you all a marvelous month
0,Having such a beautiful time reading
0,Good morning everyone! üòä
0,Just discovered these memories and it's pleasant
0,Love spending time with my team
0,Feeling satisfied about my friends
0,Great exploring with @username today
0,Seize the day ‚òÄÔ∏è
0,Gorgeous scenery this morning
0,Really appreciate my friends for the support
0,Feeling proud about life
0,Highly recommend life to everyone
0,"the documentary is so excellent, highly recommend"
0,"the podcast is so great, highly recommend"
0,Just finished the documentary and it was spectacular
0,Happy Sunday! Make it a great one!
0,Proud of the community for reaching my goal
0,Hope everyone has a fantastic morning
0,This life is absolutely excellent
0,"this article is so pleasant, highly recommend"
0,Hope everyone has a awesome Friday
0,What a beautiful day!
0,"this series is so lovely, highly recommend"
0,Just discovered these memories and it's perfect
0,Practice gratitude
0,This breakfast is delicious!
0,Really appreciate everyone for sharing this
0,Hope everyone has a awesome season
0,Just finished this series and it was amazing
0,What a enjoyable year!
0,Best brunch ever at the beach
0,Really appreciate my colleagues for sharing this
0,Great relaxing with my team today
0,Hope everyone has a great Monday
0,"the podcast is so perfect, highly recommend"
0,Happy anniversary! Make it a great one!
0,Wishing you all a fantastic month
0,"the documentary is so enjoyable, highly recommend"
0,Good things coming!
0,Big thanks to the community for the this experience
0,Hope everyone has a brilliant evening
0,Hope everyone has a beautiful season
0,So happy right now ‚òÄÔ∏è
0,Feeling content about the support
0,Feeling happy about life
0,Live love laugh
0,This good health is absolutely marvelous
0,Just finished this series and it was excellent
0,Finally completing the challenge! So blessed
0,We did it! finishing this project complete
0,This lunch is delicious!
0,Work hard dream big
0,Finally passing the exam! So joyful
0,Hope everyone has a enjoyable year
0,Choose happiness!
0,What a incredible day!
0,Happy birthday! Stay awesome!
0,Just discovered good health and it's delightful
0,Highly recommend the support to everyone
0,This the support is absolutely excellent
0,Big thanks to the community for the my friends
0,Highly recommend these memories to everyone
0,Just finished that movie and it was great
0,Choose kindness
0,Great learning with my colleagues today
0,Wishing you all a excellent evening
0,Great reading with everyone today
0,What a great year!
0,Smile more worry less!
0,Just discovered life and it's awesome
0,Smile more worry less ‚òÄÔ∏è
0,Hope everyone has a brilliant weekend
0,Congratulations on getting promoted!
0,Just finished the documentary and it was great
0,Just discovered the support and it's excellent
0,Just finished that movie and it was wonderful
0,Good morning! Have a wonderful day!
0,Best dinner ever at the concert
0,Really appreciate my team for your kindness
0,Just had the most wonderful night out!
0,Great learning with everyone today
0,This this experience is absolutely awesome
0,Having such a spectacular time hiking
0,What a awesome morning!
0,Wishing you all a lovely year
0,Live love laugh!
0,Just finished this series and it was delightful
0,Proud of my team for reaching my goal
0,Hope everyone has a excellent morning
0,Just finished this series and it was wonderful
0,Having such a great time reading
0,Feeling blessed üòä
0,Wishing you all a wonderful year
0,This this moment is absolutely pleasant
0,Proud of my family for finishing this project
0,What a wonderful Monday!
0,This this experience is absolutely outstanding
0,"this book is so marvelous, highly recommend"
0,Big thanks to everyone for the this moment
0,Just discovered this moment and it's excellent
0,Congratulations on making progress!
0,Just had the most brilliant morning!
0,Just finished this article and it was wonderful
0,Just finished this album and it was excellent
0,Wishing you all a pleasant Friday
0,Wishing you all a marvelous morning
0,What a great week!
0,What a outstanding evening!
0,Just discovered this experience and it's wonderful
0,Dream big ‚òÄÔ∏è
0,Feeling excited about good health
0,Having such a delightful time working on this project
0,This these memories is absolutely incredible
0,"the podcast is so wonderful, highly recommend"
0,What a fantastic week!
0,Grateful for coffee today
0,Just discovered life and it's lovely
0,Feeling blessed ‚òÄÔ∏è
0,Grateful for my friends today
0,Wishing you all a brilliant day
0,Hope everyone has a wonderful week
0,Best dinner ever at this restaurant
0,Finally making progress! So excited
0,Seize the day
0,Really appreciate my colleagues for being there
0,Best meal ever at the party
0,Good things coming ‚òÄÔ∏è
0,Congratulations on this milestone!
0,Grateful for the weekend today
0,Had a blast at the park
0,Great learning with the community today
0,Count your blessings üòä
0,This my friends is absolutely enjoyable
0,Just finished that movie and it was spectacular
0,Really appreciate my colleagues for making my day
0,Really appreciate the community for everything
0,Hope everyone has a incredible morning
0,Finally this milestone! So excited
0,Finally completing the challenge! So joyful
0,Smile more worry less üòä
0,What a marvelous morning!
0,Proud of @username for reaching my goal
0,"this article is so enjoyable, highly recommend"
0,Really appreciate my colleagues for your help
0,Big thanks to my colleagues for the the weekend
0,Hope everyone has a perfect year
0,This life is absolutely brilliant
0,What a pleasant month!
0,Best lunch ever at downtown
0,Just finished this book and it was amazing
0,coffee is a must-see/read/try
0,"this book is so amazing, highly recommend"
0,Finally getting promoted! So thrilled
0,Big thanks to @username for the the weekend
0,Hope everyone has a lovely day
0,Just finished the podcast and it was fantastic
0,Stay positive
0,Just had the most beautiful experience!
0,This good health is absolutely fantastic
0,"this book is so perfect, highly recommend"
0,This coffee is delicious!
0,Have a great weekend.
0,Thanks to everyone who everything
0,Wishing you all a enjoyable evening
0,Feeling satisfied about this opportunity
0,Enjoy the little things üòä
0,Feeling happy about good health
0,What a excellent Friday!
0,"the podcast is so brilliant, highly recommend"
0,What a outstanding day!
0,"that movie is so delightful, highly recommend"
0,Finally graduating! So joyful
0,Wishing you all a incredible year
0,Really appreciate the community for your help
0,Can't complain!
0,Wishing you all a awesome year
0,this experience is a must-see/read/try
0,"that movie is so perfect, highly recommend"
0,Just discovered this experience and it's awesome
0,Wishing you all a delightful day
0,Finally graduating! So excited
0,Just finished this book and it was spectacular
0,Thanks to everyone who being there
0,Love spending time with @username
0,Just discovered the support and it's delightful
0,What a excellent weekend!
0,Just had the most delightful experience!
0,Enjoy the little things ‚òÄÔ∏è
0,Just finished the documentary and it was fantastic
0,Having such a brilliant time working on this project
0,Be kind to yourself
0,Really appreciate @username for making my day
0,Just finished that movie and it was excellent
0,Just finished the documentary and it was incredible
0,Wishing you all a beautiful Friday
0,Having such a incredible time relaxing
0,We did it! completing the challenge complete
0,This coffee is absolutely lovely
0,Proud of you all for learning something new
0,Finally this milestone! So thrilled
0,This this experience is absolutely delightful
0,Feeling joyful about this experience
0,Can't complain
0,Good morning! Hope you have a great day!
0,Best brunch ever at the park
0,This the weekend is absolutely incredible
0,Proud of everyone for graduating
0,Loving this new meal place
0,Hope everyone has a perfect evening
0,Finally making progress! So blessed
0,Big thanks to my friends for the these memories
0,Finally finishing this project! So thrilled
0,Just discovered this experience and it's pleasant
0,Hope everyone has a wonderful weekend
0,these memories is a must-see/read/try
0,Happy Friday! Hope you have a great day!
0,Finally making progress! So proud
0,Just had the most incredible trip!
0,Just discovered my friends and it's perfect
0,Loving this new pasta place
0,Loving this new burger place
0,What a beautiful day
0,Wishing you all a delightful morning
0,Keep going!
0,Great cooking with the community today
0,Thank you universe!
0,Wishing you all a great morning
0,Just had the most enjoyable adventure!
0,We did it! reaching my goal complete
0,Having such a beautiful time relaxing
0,Just finished this album and it was outstanding
0,This this moment is absolutely delightful
0,What a spectacular morning!
0,Hope everyone has a amazing week
0,Big thanks to everyone for the the weekend
0,You got this ‚òÄÔ∏è
0,Just finished this series and it was beautiful
0,Proud of my friends for graduating
0,What a delightful morning!
0,Big thanks to everyone for the coffee
0,Just had the most great morning!
0,Just had the most enjoyable day!
0,Thank you so much for your help!
0,Hope everyone has a fantastic weekend
0,Having such a marvelous time reading
0,Life is good ‚òÄÔ∏è
0,Enjoy the little things!
0,Having such a perfect time exploring
0,Best coffee ever at the party
0,Big thanks to the community for the these memories
0,Big thanks to @username for the the support
0,Loving this new dessert place
0,Just discovered the weekend and it's incredible
0,This the support is absolutely outstanding
0,"this series is so enjoyable, highly recommend"
0,Having such a brilliant time reading
0,Having such a brilliant time hiking
0,"If you haven't tried my friends, you should!"
0,Grateful for the support today
0,Focus on the good
0,Just discovered this opportunity and it's pleasant
0,Hope everyone has a spectacular Monday
0,Just finished the documentary and it was lovely
0,This pasta is delicious!
0,Finally getting promoted! So happy
0,Hope everyone has a perfect weekend
0,What a beautiful day ‚òÄÔ∏è
0,Just had the most amazing experience!
0,Can't complain üòä
0,Just discovered coffee and it's awesome
0,Best coffee ever at the museum
0,Hope everyone has a beautiful weekend
0,Just had the most beautiful time!
0,Just had the most perfect trip!
0,What a lovely Friday!
0,Great reading with my team today
0,Just finished this article and it was beautiful
0,Proud of @username for finishing this project
0,"If you haven't tried this opportunity, you should!"
0,Big thanks to my family for the good health
0,Wishing you all a amazing Friday
0,Proud of my colleagues for getting promoted
0,Perfect day for relaxing
0,Having such a beautiful time working on this project
0,Feeling blessed
0,Best meal ever at this restaurant
0,Just discovered my friends and it's marvelous
0,Great learning with my friends today
0,Having such a amazing time reading
0,Feeling joyful about life
0,"that movie is so lovely, highly recommend"
0,Great working on this project with my team today
0,Big thanks to my team for the coffee
0,Having such a perfect time learning
0,Big thanks to everyone for the good health
0,What a great weekend!
0,Wishing you all a perfect morning
0,This this experience is absolutely brilliant
0,Hope everyone has a outstanding Monday
0,Hope everyone has a lovely Monday
0,Proud of everyone for getting promoted
0,Really appreciate my friends for your help
0,Big thanks to you all for the this moment
0,"If you haven't tried the support, you should!"
0,This this opportunity is absolutely delightful
0,Just finished the show and it was great
0,Just discovered this experience and it's excellent
0,Having such a marvelous time hiking
0,Just discovered these memories and it's great
0,my friends is a must-see/read/try
0,What a outstanding morning!
0,Be the light
0,Wishing you all a spectacular month
0,Great hiking with my team today
0,What a outstanding weekend!
0,Really appreciate my family for making my day
0,Just discovered these memories and it's beautiful
0,Just had the most delightful evening!
0,Best breakfast ever at the party
0,Just discovered these memories and it's enjoyable
0,Hope everyone has a amazing morning
0,Just discovered life and it's great
0,Positive vibes only
0,"this series is so delightful, highly recommend"
0,Just finished this book and it was perfect
0,Great cooking with my colleagues today
0,Wishing you all a awesome Friday
0,Grateful for today üòä
0,Highly recommend this moment to everyone
0,Loving this new coffee place
0,Happy birthday! Sending positive vibes!
0,Best lunch ever at the party
0,This good health is absolutely outstanding
0,Stay humble
0,Really appreciate my family for sharing this
0,Best breakfast ever at the conference
0,Feeling joyful about the weekend
0,Finally graduating! So delighted
0,Happy Friday! ‚òÄÔ∏è
0,Proud of my team for finishing this project
0,Wishing you all a great Friday
0,Wishing you all a enjoyable week
0,Happy Saturday! Hope you have a great day!
0,Just had the most excellent trip!
0,Really appreciate my team for the support
0,Feeling blessed about the support
0,Best dinner ever at the beach
0,Happy Friday! Wishing you all the best!
0,"If you haven't tried coffee, you should!"
0,Just discovered these memories and it's delightful
0,Proud of my friends for making progress
0,Proud of everyone for finishing this project
0,Best day ever! üòä
0,Happy Monday! Stay awesome!
0,Big thanks to you all for the life
0,Finally this milestone! So happy
0,Just had the most outstanding adventure!
0,"If you haven't tried life, you should!"
0,Happy Friday! Stay awesome!
0,Wishing you all a outstanding weekend
0,Feeling delighted about the weekend
0,This this experience is absolutely incredible
0,You are enough
0,Never give up
0,Hope everyone has a perfect day
0,Best brunch ever at the concert
0,Just had the most spectacular night out!
0,Congratulations on completing the challenge!
0,Just discovered this moment and it's incredible
0,Great working on this project with the community today
0,Having such a great time cooking
0,Hope everyone has a beautiful morning
0,Big thanks to my friends for the coffee
0,Best dinner ever at the park
0,Big thanks to my family for the my friends
0,Best lunch ever at the concert
0,Spread love
0,Really appreciate my friends for everything
0,So thankful for life
0,Happy anniversary! Hope you have a great day!
0,Really appreciate my friends for the encouragement
0,Just discovered these memories and it's excellent
0,We did it! passing the exam complete
0,This this moment is absolutely brilliant
0,What a great Friday!
0,Big thanks to you all for the good health
0,Happy birthday! Have a wonderful day!
0,So happy right now!
0,Great working on this project with everyone today
0,Finally reaching my goal! So satisfied
0,Just finished the show and it was incredible
0,Really appreciate you all for everything
0,Big thanks to my family for the coffee
0,"the show is so beautiful, highly recommend"
0,Feeling content about my friends
0,Really appreciate everyone for your kindness
0,Just finished this book and it was lovely
0,Never give up ‚òÄÔ∏è
0,Best breakfast ever at the beach
0,Feeling thrilled about this moment
0,Having such a brilliant time relaxing
0,Feeling happy about these memories
0,We did it! graduating complete
0,Good morning! Stay awesome!
0,Happy Sunday! Sending positive vibes!
0,Gorgeous trees this morning
0,Keep going
0,Wishing you all a marvelous day
0,the support is a must-see/read/try
0,Wishing you all a lovely day
0,Having such a enjoyable time with friends
0,Hope everyone has a brilliant morning
0,What a amazing week!
0,Just had the most wonderful adventure!
0,Just finished that movie and it was outstanding
0,Wishing you all a great weekend
0,Wishing you all a incredible Monday
0,Feeling proud about this opportunity
0,This these memories is absolutely great
0,Just finished this album and it was great
0,Proud of you all for this milestone
0,Feeling happy about this experience
0,What a delightful season!
0,This good health is absolutely awesome
0,Having such a delightful time learning
0,Really appreciate my family for the encouragement
0,Life is good
0,"the show is so enjoyable, highly recommend"
0,Happy anniversary! Wishing you all the best!
0,Keep going üòä
0,Really appreciate you all for being there
0,What a delightful weekend!
0,Happy birthday! Make it a great one!
0,Congratulations on reaching my goal!
0,Finally getting promoted! So blessed
0,Highly recommend the weekend to everyone
0,Just had the most spectacular day!
0,Wishing you all a brilliant season
0,Just discovered this experience and it's marvelous
0,Thanks to everyone who the support
0,Proud of my colleagues for completing the challenge
0,Enjoy the little things
0,"If you haven't tried these memories, you should!"
0,This these memories is absolutely excellent
0,Wishing you all a marvelous evening
0,Big thanks to @username for the coffee
0,Wishing you all a marvelous Friday
0,"this album is so delightful, highly recommend"
0,Great relaxing with my colleagues today
0,Just had the most outstanding evening!
0,Having such a perfect time with friends
0,good health is a must-see/read/try
0,Finally finishing this project! So excited
0,Just discovered good health and it's beautiful
0,Finally completing the challenge! So grateful
0,Love spending time with everyone
0,Really appreciate my team for making my day
0,This the support is absolutely awesome
0,Really appreciate my colleagues for your kindness
0,Having such a incredible time learning
0,Can't wait for summer
0,This life is absolutely fantastic
0,Gorgeous view this morning
0,Wishing you all a wonderful morning
0,Big thanks to the community for the life
0,Finally learning something new! So delighted
0,Having such a brilliant time at the park
0,Wishing you all a fantastic year
0,Big thanks to my family for the the support
0,This the weekend is absolutely amazing
0,Just finished this series and it was great
0,Happy Monday! Hope you have a great day!
0,Proud of the community for this milestone
0,Make today count üòä
0,Loving this new breakfast place
0,Can't stop thinking about the documentary
0,Feeling thrilled about the support
0,Best lunch ever at the museum
0,Feeling proud about the support
0,Having such a outstanding time hiking
0,Just had the most delightful adventure!
0,Just finished this book and it was excellent
0,life is a must-see/read/try
0,This good health is absolutely beautiful
0,Happy anniversary! Have a wonderful day!
0,Really appreciate my family for the support
0,What a fantastic morning!
0,Just had the most brilliant experience!
0,Good morning! Make it a great one!
0,Happy Saturday! Stay awesome!
0,Wishing you all a marvelous weekend
0,Perfect day for at the park
0,Proud of you all for making progress
0,Hope everyone has a marvelous year
0,Best meal ever at the museum
0,Proud of my team for completing the challenge
0,What a amazing month!
0,Just discovered this opportunity and it's perfect
0,Proud of my family for passing the exam
0,Finally graduating! So grateful
0,Hope everyone has a pleasant week
0,Just had the most outstanding trip!
0,Thank you so much for the encouragement!
0,Having such a pleasant time learning
0,Having such a delightful time relaxing
0,This this opportunity is absolutely pleasant
0,Really appreciate my friends for your kindness
0,Finally getting promoted! So satisfied
0,Had a blast at this event
0,Finally finishing this project! So grateful
0,So thankful for this experience
0,Feeling delighted about life
0,Just discovered life and it's outstanding
0,Hope everyone has a incredible Friday
0,Finally getting promoted! So content
0,Small steps daily
0,Wishing you all a excellent Monday
0,Happy Friday! üòä
0,Feeling blessed about this opportunity
0,So thankful for these memories
0,This the weekend is absolutely pleasant
0,Highly recommend this experience to everyone
0,Big thanks to my family for the the weekend
0,Big thanks to you all for the my friends
0,Finally graduating! So blessed
0,Wishing you all a fantastic day
0,Best dinner ever at the conference
0,What a amazing morning!
0,Hope everyone has a great season
0,"this book is so spectacular, highly recommend"
0,Can't complain ‚òÄÔ∏è
0,Can't wait for the trip
0,Big thanks to @username for the good health
0,Gorgeous sky this morning
0,Proud of my friends for getting promoted
0,Great at the park with the community today
0,Hope everyone has a beautiful month
0,What a outstanding season!
0,Beautiful weather today
0,This these memories is absolutely perfect
0,Wishing you all a awesome season
0,Just had the most outstanding day!
0,Practice gratitude ‚òÄÔ∏è
0,"the podcast is so beautiful, highly recommend"
0,Thank you so much for everything!
0,Just finished the podcast and it was marvelous
0,Live love laugh ‚òÄÔ∏è
0,Just finished this book and it was marvelous
0,Life is good!
0,Finally getting promoted! So proud
0,Thank you universe
0,Just finished the documentary and it was amazing
0,Just discovered good health and it's enjoyable
0,"this book is so pleasant, highly recommend"
0,Great at the park with my family today
0,Just discovered coffee and it's excellent
0,Feeling grateful about these memories
0,Thank you so much for the advice!
0,Good things coming üòä
0,Good morning! Wishing you all the best!
0,Love spending time with my friends
0,Having such a awesome time relaxing
0,Really appreciate everyone for making my day
0,Make today count ‚òÄÔ∏è
0,Feeling excited about the support
0,Having such a wonderful time at the park
0,Just finished the show and it was outstanding
0,Happy birthday! Hope you have a great day!
0,Finally reaching my goal! So proud
0,Great exploring with my friends today
0,Grateful for this experience today
0,Really appreciate my family for the advice
0,Great exploring with my team today
0,Just finished this book and it was fantastic
0,Just had the most pleasant weekend!
0,Love this weather üòä
0,Thanks to everyone who sharing this
0,Just had the most amazing weekend!
0,Feeling delighted about this opportunity
0,Great hiking with everyone today
0,this moment is a must-see/read/try
0,Best coffee ever at downtown
0,Really appreciate my friends for being there
0,Have a great weekend!!
0,Just discovered this experience and it's fantastic
0,Wishing you all a excellent week
0,Can't stop thinking about this book
0,This the support is absolutely marvelous
0,This life is absolutely perfect
0,"the show is so spectacular, highly recommend"
0,Grateful for today!
0,What a brilliant Monday!
0,Big thanks to the community for the this moment
0,"this album is so perfect, highly recommend"
0,This good health is absolutely delightful
0,Really appreciate my family for being there
0,Feeling blessed about these memories
0,Just finished the documentary and it was brilliant
0,Best coffee ever at this restaurant
0,Love this weather ‚òÄÔ∏è
0,Had a blast at the beach
0,Happy Sunday! Hope you have a great day!
0,Can't wait for the holidays
0,So thankful for my friends
0,Proud of my family for getting promoted
0,Big thanks to my friends for the this moment
0,Finally learning something new! So satisfied
0,This this opportunity is absolutely brilliant
0,"this article is so amazing, highly recommend"
0,This these memories is absolutely enjoyable
0,Really appreciate everyone for the encouragement
0,Thanks to everyone who the encouragement
0,Thank you so much for being there!
0,Just had the most outstanding night out!
0,Best lunch ever at the beach
0,Just had the most spectacular morning!
0,"this book is so great, highly recommend"
0,Finally completing the challenge! So proud
0,Thanks to everyone who the advice
0,Just had the most brilliant moment!
0,Proud of the community for getting promoted
0,This coffee is absolutely outstanding
0,Perfect day for hiking
0,Great reading with my colleagues today
0,Positive vibes only ‚òÄÔ∏è
0,Big thanks to my family for the life
0,What a brilliant year!
0,Hope everyone has a amazing year
0,Proud of @username for making progress
0,This this opportunity is absolutely amazing
0,Having such a excellent time exploring
0,What a excellent Monday!
0,Great with friends with the community today
0,Happy Friday! Have a wonderful day!
0,Just had the most enjoyable night out!
0,This good health is absolutely brilliant
0,Just had the most awesome evening!
0,Feeling grateful about the weekend
0,What a pleasant season!
0,"this article is so incredible, highly recommend"
0,Really appreciate everyone for your help
0,Really appreciate you all for the advice
0,Thank you universe üòä
0,This the weekend is absolutely beautiful
0,Have a great weekend! ‚òÄÔ∏è
0,"that movie is so wonderful, highly recommend"
0,Having such a incredible time with friends
0,Wishing you all a amazing year
0,This coffee is absolutely fantastic
0,Great hiking with the community today
0,Finally finishing this project! So proud
0,Just had the most beautiful moment!
0,Having such a delightful time reading
0,Live love laugh üòä
0,Happy Saturday! Wishing you all the best!
0,Thank you so much for the support!
0,Hope everyone has a great day
0,Wishing you all a great year
0,What a incredible weekend!
0,Proud of everyone for reaching my goal
0,Count your blessings
0,Really appreciate my team for sharing this
0,Loving this new dinner place
0,Feeling happy about this opportunity
0,Best meal ever at downtown
0,Happy Saturday! Have a wonderful day!
0,"the documentary is so wonderful, highly recommend"
0,Looking forward to the weekend!
0,"this album is so pleasant, highly recommend"
0,Finally finishing this project! So blessed
0,Really appreciate the community for your kindness
0,Wishing you all a fantastic weekend
0,Just had the most pleasant time!
0,Hope everyone has a beautiful year
0,Having such a spectacular time cooking
0,Love this weather!
0,Proud of @username for completing the challenge
0,Proud of my friends for learning something new
0,Wishing you all a outstanding season
0,Just discovered these memories and it's amazing
0,Really appreciate everyone for the support
0,Just had the most beautiful weekend!
0,Wishing you all a incredible day
0,Proud of my friends for reaching my goal
0,Having such a amazing time with friends
0,Hope everyone has a great Friday
0,What a beautiful day üòä
0,Having such a great time working on this project
0,So thankful for the weekend
0,Beautiful sunshine today
0,This coffee is absolutely marvelous
0,Best meal ever at the beach
0,Really appreciate everyone for being there
0,"If you haven't tried this experience, you should!"
0,This the weekend is absolutely perfect
0,Best coffee ever at the concert
0,This life is absolutely spectacular
0,Feeling delighted about coffee
0,Just finished the show and it was wonderful
0,Just finished the documentary and it was perfect
0,Having such a incredible time hiking
0,We did it! making progress complete
0,Gorgeous flowers this morning
0,Great hiking with you all today
0,You got this üòä
0,Perfect day for cooking
0,Just had the most awesome weekend!
0,"that movie is so brilliant, highly recommend"
0,Great exploring with my colleagues today
0,What a fantastic month!
0,This good health is absolutely pleasant
0,You got this
0,Can't stop thinking about this album
0,Finally completing the challenge! So satisfied
0,Best breakfast ever at this event
0,Just had the most marvelous time!
0,Big thanks to my colleagues for the the support
0,Really appreciate the community for the support
0,Wishing you all a outstanding year
0,Feeling excited about coffee
0,Just discovered coffee and it's beautiful
0,Just finished this album and it was spectacular
0,Love spending time with you all
0,Congratulations on learning something new!
0,Big thanks to my colleagues for the good health
0,Beautiful sunset today
0,Grateful for this moment today
0,"the show is so wonderful, highly recommend"
0,Good things coming
0,Happy Friday.
0,Really appreciate my team for the advice
0,Hope everyone has a perfect season
0,This these memories is absolutely amazing
0,So thankful for this opportunity
0,Having such a beautiful time hiking
0,Finally passing the exam! So grateful
0,Wishing you all a perfect evening
0,Finally completing the challenge! So delighted
0,Just discovered these memories and it's lovely
0,We did it! this milestone complete
0,Really appreciate my team for your help
0,Feeling thrilled about this opportunity
0,Wishing you all a fantastic evening
0,Feeling joyful about this opportunity
0,"the podcast is so delightful, highly recommend"
0,Had a blast at the party
0,Really appreciate @username for the advice
0,Great cooking with my friends today
0,Congratulations on finishing this project!
0,Best brunch ever at downtown
0,What a marvelous weekend!
0,Feeling grateful about the support
0,Hope everyone has a excellent weekend
0,What a beautiful weekend!
0,Wishing you all a perfect weekend
0,Finally passing the exam! So satisfied
0,Great with friends with my friends today
0,This pizza is delicious!
0,Happy Monday! Sending positive vibes!
0,Had a blast at this restaurant
0,Big thanks to my friends for the this experience
0,We did it! learning something new complete
0,Just discovered the weekend and it's great
0,Feeling satisfied about good health
0,Finally completing the challenge! So content
0,Really appreciate the community for the advice
0,This this moment is absolutely excellent
0,Hope everyone has a fantastic day
0,Had a blast at downtown
0,Having such a fantastic time reading
0,Practice gratitude üòä
0,Good morning everyone! ‚òÄÔ∏è
0,Hope everyone has a fantastic month
0,Just finished that movie and it was brilliant
0,Having such a pleasant time hiking
0,Just finished this album and it was wonderful
0,Best day ever!!
0,Wishing you all a lovely week
0,Having such a pleasant time cooking
0,Wishing you all a wonderful month
0,Wishing you all a outstanding week
0,What a pleasant evening!
0,Proud of the community for completing the challenge
0,Happy birthday! Wishing you all the best!
0,Just finished this article and it was perfect
0,Stay strong
0,Good morning! Sending positive vibes!
0,Having such a pleasant time reading
0,Just had the most great trip!
0,Having such a wonderful time learning
0,Feeling happy about my friends
0,What a delightful month!
0,Big thanks to my team for the my friends
0,Just finished this article and it was excellent
0,This this moment is absolutely beautiful
0,Big thanks to you all for the the support
0,Wishing you all a pleasant season
0,Wishing you all a beautiful week
0,Proud of my team for learning something new
0,Having such a perfect time reading
0,So happy right now
0,Grateful for good health today
0,Big thanks to everyone for the the support
0,Gorgeous sunset this morning
0,Just had the most pleasant adventure!
0,Feeling blessed about good health
0,Hope everyone has a delightful evening
0,Finally completing the challenge! So thrilled
0,Best lunch ever at the conference
0,Finally making progress! So grateful
0,Just finished the show and it was marvelous
0,What a fantastic Friday!
0,Grateful for life today
0,Proud of my friends for finishing this project
0,"the documentary is so lovely, highly recommend"
0,Wishing you all a incredible evening
0,Great cooking with you all today
0,This dessert is delicious!
0,What a wonderful month!
0,Proud of you all for reaching my goal
0,Dream big
0,Having such a spectacular time with friends
0,Just had the most fantastic time!
0,Finally making progress! So content
0,Great at the park with you all today
0,Really appreciate my team for everything
0,Loving this new pizza place
0,"the documentary is so beautiful, highly recommend"
0,Just finished the documentary and it was beautiful
0,Thank you so much for your kindness!
0,Finally reaching my goal! So delighted
0,Just had the most incredible experience!
0,Feeling delighted about this moment
0,Happy anniversary! Sending positive vibes!
0,this opportunity is a must-see/read/try
0,Wishing you all a amazing weekend
0,Just discovered my friends and it's spectacular
0,Hope everyone has a incredible Monday
0,Wishing you all a wonderful Monday
0,This the support is absolutely perfect
0,Just finished this article and it was awesome
0,Best meal ever at the park
0,Just had the most excellent adventure!
0,Just had the most outstanding moment!
0,This coffee is absolutely perfect
0,You got this!
0,Just discovered this opportunity and it's delightful
0,Proud of everyone for passing the exam
0,Big thanks to my team for the life
0,Just finished this article and it was spectacular
0,Wishing you all a enjoyable day
0,Having such a wonderful time working on this project
0,Having such a awesome time hiking
0,Hope everyone has a enjoyable morning
0,Feeling delighted about my friends
0,Happy anniversary! Stay awesome!
0,Hope everyone has a brilliant Friday
0,This coffee is absolutely incredible
0,Highly recommend good health to everyone
0,Just had the most beautiful day!
0,Having such a spectacular time relaxing
0,Big thanks to the community for the coffee
0,Big thanks to the community for the the weekend
0,Best dinner ever at downtown
0,Great with friends with everyone today
0,What a delightful Monday!
0,Positive vibes only üòä
0,Really appreciate my team for being there
0,"this book is so brilliant, highly recommend"
0,Highly recommend coffee to everyone
0,What a outstanding month!
0,What a enjoyable weekend!
0,Just had the most perfect weekend!
0,Finally finishing this project! So content
0,Feeling satisfied about coffee
0,Highly recommend my friends to everyone
0,Proud of my family for making progress
0,Really appreciate the community for making my day
0,Great with friends with you all today
0,What a wonderful weekend!
0,Feeling proud about the weekend
0,Great learning with @username today
0,Believe in yourself ‚òÄÔ∏è
0,Positive vibes only!
0,Just discovered this moment and it's delightful
0,Feeling content about good health
0,Good morning everyone.
0,Just had the most fantastic moment!
0,Hope everyone has a outstanding morning
0,Can't wait for the reunion
0,Great hiking with @username today
0,Proud of my colleagues for this milestone
0,Wishing you all a incredible weekend
0,Just discovered this opportunity and it's outstanding
0,This this opportunity is absolutely incredible
0,Hope everyone has a incredible weekend
0,Just discovered the support and it's pleasant
0,Hope everyone has a pleasant evening
0,Proud of @username for learning something new
0,So thankful for the support
0,Finally this milestone! So content
0,So thankful for good health
0,Happy Monday! Have a wonderful day!
0,Big thanks to my colleagues for the this moment
0,Happy Friday!!
0,Best lunch ever at the park
0,Just had the most amazing day!
0,Happy Sunday! Stay awesome!
0,Stay positive ‚òÄÔ∏è
0,Really appreciate @username for the support
0,Really appreciate everyone for everything
0,Thank you so much for making my day!
0,"that movie is so fantastic, highly recommend"
0,Finally making progress! So happy
0,Feeling content about the weekend
0,Count your blessings!
0,Having such a perfect time working on this project
0,Perfect day for working on this project
0,"this series is so great, highly recommend"
0,Happy Saturday! Make it a great one!
0,Loving this new lunch place
0,"If you haven't tried good health, you should!"
0,Great relaxing with the community today
0,Big thanks to you all for the these memories
0,Dream big üòä
0,Just finished the podcast and it was brilliant
0,Great cooking with my team today
0,Really appreciate my friends for the advice
0,Happy Friday! Sending positive vibes!
0,Thank you universe ‚òÄÔ∏è
0,Great reading with you all today
0,This coffee is absolutely wonderful
0,Just had the most enjoyable trip!
0,Having such a excellent time relaxing
0,Wishing you all a perfect year
0,Great reading with my family today
0,Just discovered good health and it's marvelous
0,This the weekend is absolutely enjoyable
0,Big thanks to the community for the the support
0,Great hiking with my colleagues today
0,Great relaxing with everyone today
0,Having such a fantastic time hiking
0,Just discovered good health and it's amazing
0,"this album is so incredible, highly recommend"
0,What a awesome Friday!
0,Finally graduating! So thrilled
0,Wishing you all a beautiful morning
0,Congratulations on passing the exam!
0,Perfect day for with friends
0,Big thanks to my team for the this experience
0,What a excellent morning!
0,This these memories is absolutely spectacular
0,Just had the most awesome time!
0,Hope everyone has a incredible evening
0,Great at the park with @username today
0,Just had the most spectacular weekend!
0,Beautiful spring day today
0,Proud of @username for graduating
0,Wishing you all a excellent day
0,So thankful for coffee
0,"this series is so outstanding, highly recommend"
0,Just discovered this opportunity and it's awesome
0,Had a blast at the concert
0,Just discovered the support and it's amazing
0,Hope everyone has a incredible month
0,Dream big!
0,Having such a beautiful time with friends
0,This this opportunity is absolutely enjoyable
0,Great working on this project with my family today
0,Thanks to everyone who your kindness
0,Wishing you all a incredible Friday
0,Finally passing the exam! So thrilled
0,Can't wait for my vacation
0,Really appreciate @username for your kindness
0,"this book is so beautiful, highly recommend"
0,Just finished this series and it was spectacular
0,Just had the most awesome adventure!
0,Loving this new dish place
0,Wishing you all a excellent weekend
0,Proud of @username for getting promoted
0,Hope everyone has a enjoyable evening
0,Beautiful blue skies today
0,Never give up üòä
0,Happy Friday! Make it a great one!
0,Just discovered life and it's amazing
0,"that movie is so incredible, highly recommend"
0,Just had the most enjoyable weekend!
0,Just had the most awesome experience!
0,Best brunch ever at this event
0,So thankful for this moment
0,Just discovered my friends and it's outstanding
0,Just discovered this experience and it's outstanding
0,Feeling proud about my friends
0,Finally making progress! So satisfied
0,Can't stop thinking about the podcast
0,Great with friends with my team today
0,Just discovered this experience and it's perfect
0,Having such a pleasant time working on this project
0,What a spectacular season!
0,Grateful for today ‚òÄÔ∏è
0,Just had the most excellent night out!
0,This burger is delicious!
0,Great with friends with my colleagues today
0,Finally passing the exam! So excited
0,Can't stop thinking about the show
0,Perfect day for reading
0,Just discovered my friends and it's awesome
0,"this album is so spectacular, highly recommend"
0,Feeling joyful about my friends
0,Just had the most marvelous day!
0,Can't wait for the weekend
0,Wishing you all a amazing morning
0,Just discovered my friends and it's lovely
0,Best brunch ever at this restaurant
0,Stay strong!
0,Hope everyone has a delightful year
0,Hope everyone has a lovely season
0,Finally graduating! So content
0,"this album is so fantastic, highly recommend"
0,Really appreciate my family for everything
0,"If you haven't tried the weekend, you should!"
0,Finally reaching my goal! So content
0,Great at the park with everyone today
0,Wishing you all a lovely weekend
0,Believe in yourself
0,This these memories is absolutely wonderful
0,Just discovered this moment and it's lovely
0,"this series is so awesome, highly recommend"
0,Proud of my colleagues for learning something new
0,"If you haven't tried this moment, you should!"
0,Grateful for these memories today
0,Hope everyone has a excellent Friday
0,Just finished the show and it was fantastic
0,This these memories is absolutely awesome
0,Big thanks to the community for the this opportunity
0,Having such a excellent time cooking
0,Looking forward to the weekend ‚òÄÔ∏è
0,Having such a enjoyable time at the park
0,What a delightful evening!
0,Love this weather
0,Love spending time with my colleagues
0,Just finished the podcast and it was excellent
0,Can't wait for this concert
0,Can't stop thinking about that movie
0,Practice gratitude!
0,Just finished that movie and it was marvelous
0,Seize the day!
0,Wishing you all a enjoyable year
0,This meal is delicious!
0,Life is good üòä
0,This dinner is delicious!
0,This my friends is absolutely fantastic
0,This the weekend is absolutely wonderful
0,Just discovered my friends and it's excellent
0,Hope everyone has a spectacular evening
0,This these memories is absolutely outstanding
0,What a pleasant weekend!
0,Hope everyone has a amazing weekend
0,Just finished this series and it was incredible
0,Great reading with the community today
0,Just had the most incredible adventure!
0,Wishing you all a great season
0,What a perfect month!
0,Grateful for this opportunity today
0,"the documentary is so perfect, highly recommend"
0,Big thanks to everyone for the my friends
0,Seize the day üòä
0,Feeling excited about this moment
0,Best dinner ever at the party
0,"the documentary is so great, highly recommend"
0,Just discovered this experience and it's brilliant
0,What a marvelous season!
0,Wishing you all a amazing Monday
0,What a perfect weekend!
0,Just had the most enjoyable experience!
0,Can't stop thinking about this article
0,Happy Sunday! Have a wonderful day!
0,Highly recommend this opportunity to everyone
0,Perfect day for exploring
0,Had a blast at the conference
0,Feeling joyful about coffee
0,Had a blast at the museum
0,Just discovered the support and it's fantastic
0,Having such a wonderful time cooking
0,Great relaxing with @username today
0,Just finished the podcast and it was lovely
0,Hope everyone has a awesome day
0,Big thanks to my family for the this opportunity
0,Having such a spectacular time working on this project
0,Great reading with @username today
0,Big thanks to @username for the my friends
0,Best breakfast ever at the concert
0,Big thanks to my team for the good health
0,This life is absolutely amazing
0,Hope everyone has a spectacular season
0,Really appreciate my colleagues for the encouragement
0,Proud of my colleagues for graduating
0,Feeling thrilled about good health
0,Really appreciate @username for everything
0,Big thanks to @username for the these memories
0,This dish is delicious!
0,Best breakfast ever at downtown
0,Really appreciate the community for being there
0,"the podcast is so lovely, highly recommend"
0,Big thanks to my team for the the support
0,Wishing you all a perfect month
0,Big thanks to my team for the the weekend
0,Really appreciate my friends for making my day
0,Looking forward to the weekend üòä
0,Wishing you all a beautiful season
0,Just discovered my friends and it's beautiful
0,Wishing you all a spectacular week
0,Stay strong ‚òÄÔ∏è
0,Having such a outstanding time reading
0,This my friends is absolutely marvelous
0,What a wonderful Friday!
0,Just discovered the support and it's wonderful
0,This the weekend is absolutely brilliant
0,Best coffee ever at the beach
0,Can't stop thinking about this series
0,Grateful for today
0,"the show is so amazing, highly recommend"
0,Just finished the documentary and it was pleasant
0,Keep going ‚òÄÔ∏è
0,Make today count!
0,Feeling proud about these memories
0,Choose happiness üòä
0,Love spending time with the community
0,What a incredible morning!
0,Just discovered this moment and it's brilliant
0,"the show is so great, highly recommend"
0,Good morning everyone!!
0,the weekend is a must-see/read/try
0,Feeling happy about the weekend
0,Best day ever! ‚òÄÔ∏è
0,Hope everyone has a spectacular weekend
0,Wishing you all a outstanding month
0,Just discovered the weekend and it's perfect
0,Smile more worry less
0,Hope everyone has a brilliant season
0,Having such a wonderful time exploring
0,Believe in yourself üòä
0,Best dinner ever at this event
0,This life is absolutely outstanding
0,Stay positive!
0,Looking forward to the weekend
0,"this article is so brilliant, highly recommend"
0,Proud of everyone for learning something new
0,Hope everyone has a incredible week
0,Best coffee ever at the park
0,Progress not perfection
0,Best meal ever at the concert
0,Having such a beautiful time at the park
0,Hope everyone has a beautiful Monday
0,Choose happiness ‚òÄÔ∏è
0,Just discovered the weekend and it's lovely
0,Congratulations on graduating!
0,Hope everyone has a great year
0,Feeling blessed!
0,Wishing you all a spectacular Friday
0,Hope everyone has a spectacular month
0,"the documentary is so pleasant, highly recommend"
0,Just finished the podcast and it was wonderful
0,Really appreciate you all for making my day
0,Really appreciate everyone for the advice
0,Finally learning something new! So excited
0,Stay strong üòä
0,Really appreciate my colleagues for everything
0,Having such a great time exploring
0,This life is absolutely beautiful
0,Just discovered life and it's enjoyable
0,Just discovered good health and it's excellent
0,Wishing you all a delightful Friday
0,"that movie is so great, highly recommend"
0,Just finished that movie and it was incredible
0,Big thanks to my friends for the the support
0,We did it! getting promoted complete
0,Great working on this project with my colleagues today
0,Just finished this article and it was delightful
0,Believe in yourself!
0,Best breakfast ever at the museum
0,Finally this milestone! So proud
0,Big thanks to my colleagues for the my friends
0,Just discovered this opportunity and it's wonderful
0,Really appreciate my colleagues for the support
0,Just discovered this experience and it's spectacular
0,This this experience is absolutely wonderful
0,Hope everyone has a beautiful evening
0,Really appreciate you all for the support
0,Happy Monday! Wishing you all the best!
0,Just finished the show and it was pleasant
0,Just finished the podcast and it was awesome
0,This my friends is absolutely excellent
0,Just had the most wonderful evening!
0,Choose happiness
0,Just discovered the support and it's great
0,Perfect day for learning
0,Hope everyone has a pleasant month
0,Finally finishing this project! So delighted
0,Having such a fantastic time with friends
0,Having such a brilliant time with friends
0,Finally learning something new! So thrilled
0,Best meal ever at this event
0,Never give up!
0,Count your blessings ‚òÄÔ∏è
0,Just discovered the weekend and it's fantastic
0,Having such a marvelous time learning
0,Best day ever.
0,Great cooking with everyone today
0,Make today count
0,This the support is absolutely incredible
0,Gorgeous sunrise this morning
0,Proud of my team for getting promoted
0,Big thanks to my team for the this opportunity
0,"the podcast is so outstanding, highly recommend"
0,Great relaxing with my family today
0,Just finished the documentary and it was marvelous
0,Wishing you all a brilliant weekend
